facet_desc_0,question_0,answer_1_0,answer_2_0,facet_desc_1,question_1,answer_1_1,answer_2_1,facet_desc_2,question_2,answer_1_2,answer_2_2,facet_desc_3,question_3,answer_1_3,answer_2_3,facet_desc_4,question_4,answer_1_4,answer_2_4
"I am looking for newcomer information for Cass County, Missouri.",is there any specific information that you are looking for,I am looking for newcomer information.,yes i would like to find information on the county where i am located,Find information on Breeders Cup races.,are you interested in a schedule of events from churchill downs,"Yes, I would like to see a schedule of events from Churchil Downs.",yes i would like information on the race races,Find vendors that sell computer memory upgrades.,are you worried about memory loss,"No, I want to buy some.",no i am interested in computer repair,Find a black-and-white outline map of the United States such that a child could color.,would you like to know where the us is located on the map,"No, I want a black-and-white outline map of the United States such that a child could color.",no i am looking for a black and white outline map,Find the seating chart of Churchill Downs.,do you want to know the best time to visit churchill downs is,"No, I want to find the seating chart of Churchill Downs.",no i want to see the seat charts of the churchill downs
"What is ""Poem in Your Pocket Day""?",did you want the know what the reasoning for having poem in your pocket day is,"Yes, I would like to know the reasoning for having ""Poem in Your Pocket Day.""",no i want to know what is the meaning of poetry in my pocket day,What problems have afflicted the Ford Edge car model?,do you want to see if there have been recalls of the ford edge,"Yes, I want to know if there have been recalls of the ford edge.",yes i want to kyesw what the problem is,"Find information on various types of computer memory, and how they are different.",who was the first to study the brain and memory,"I want to know about different types of computer memory, and how they are different.",no,Find Brooks Brothers online promotional coupons.,are you interested in brooks brothers clearance shirts,Yes.,no i need to see their online retailers,"What is ""Poem in Your Pocket Day""?",are you looking for activities for the day,"No, I just want to know what it is.",no i am looking for a list of all the things that you can do in your pocket day
Find complete (not partial) recipes for beef stroganoff.,do you want a one pot recipe,"No, I want a complete recipe for beef stroganoff.",yes,How can I plan an inexpensive wedding?,were you interested in a free or paid budget calculator,free,no i am interested in planning an inexpensive wedding,Find a map of the inside of the US Capitol.,are you interested in a map of capitol hill,"Yes, I want a map of the inside of the Capitol.",no i am interested in a map of the inside of the usitol,I'm looking for web sites that do antique appraisals.,are you looking for a type of appraiser,"No, I'm looking for web sites that do antique appraisals.",no i want to find websites that do antique appraisals,"Find recipes from Starbucks, either for making or using Starbucks products.",are you interested in the stocks of starbucks,"No, I want to find recipes from Starbucks.",yes i want to kyesw what they have made or used
Where can I learn about rock painting or buy a rock-painting kit?,do you want to buy rock art,"No, I want to learn about how to make rock art.",no,Where can I buy rock and roll posters?,do you want examples of rock art,"No, I want to know where I can buy rock and roll posters.",yes,Find a black-and-white outline map of the United States such that a child could color.,are you looking for a paper version of us map,"Yes, I need a black-and-white outline map of the United States such that a child could color.",yes,"What services/facilities does the Ontario, CA airport offer?",would you like to book a flight at ontario california airport,"No, I just want to know what services/facilities it offers.",yes i need to kyesw about services and facilities offered by the airport,What is the average salary for a computer programmer?,are you looking for information on different computer programming languages,"No, I want to know the average salary for a computer programmer.",yes
Find vendors that sell computer memory upgrades.,are you looking for ways to naturally boost your memory,"No, I'm looking to buy some computer memory upgrades from vendors. Do you know any?",yes i want to buy a computer to,Where can I buy radio-controlled planes?,is this for a school craft or play,I just want to know where I can purchase a radio-controlled plane.,yes i want to kyesw where i can buy a radiocontrolled plane,What does the US capital tax rate consist of and how is it broken down?,do you like to know capital gains tax on real estate,"No, I want to know about the capital tax rate and how it's broken down.",no i want to know the differences between the uscapital tax rate and the rate of income tax,What are the symptoms of von Willebrand Disease?,do you want to know how von willebrand disease is treated,"No, I want to know the symptoms of it.",yes,I am looking for spreadsheets or templates to help me tabulate a budget for a wedding.,what are your budget priorities for your wedding,I need a spreadsheet or template to help me tabulate a budget for a wedding.,no i am looking for spreadsheets or templates to help me tabulate a wedding budget
Sites that sell Universal Animal Cuts that include product reviews.,did you want to know if the price was worth it,"No, I want to know if the product works.",no i want to find a site that sells it,Find a list of hobby stores in Maryland.,are you looking for hobby stores located in maryland,"Yes, I am looking for a list of hobby stores in Maryland.",yes,Find the seating chart of Churchill Downs.,is there any specific race on your mind,I just want to see the seating chart of Churchill Downs.,yes i want to see the seating charts of bellevue downs,Find ideas for how to celebrate Poem in Your Pocket Day and National Poetry Month.,are you looking for examples of poems to carry for poem in your pocket day,"Yes, I would like some examples of poems to carry for poem in your pocket day.",no,"What was the 2008 budget for Cass County, MO?",do you have travel plans,"No, I want to know the 2008 budget for Cass County, MO.",yes i would like to know what the 2008 budget was
Where can I learn about rock painting or buy a rock-painting kit?,do you want the history of rock art,"No, I want to learn how to paint rocks.",no i want to learn about rock painting,"I'd like to find user reports about Windows Defender, particularly problems with the software.",are you looking for a security system,"I'm looking for user reports about Windows Defender, particularly problems with the software.",yes,Find pictures of horse hooves.,do you need your horses hooves trimmed,"No, I need pictures of horse hooves.",yes i want pictures of them,information about Indian tribes that used adobe houses,do you want information about the construction of adobe houses,"No, I want information about Indian tribes that used adobe houses.",no,Find information about buying real estate in India.,would you like more information about the challenges of living in india,"No, I want to know about buying real estate in India.",yes i am looking for information on buying real estate in india
Describe the anatomy of horses' feet and hooves.,do you need horse hoof care tips,"No, I want to know about the anatomy of horses' feet and hooves.",yes i am looking for general information about the anatomy of hoofs,Where can I buy tools for stone carving or engraving?,do you want locations of rock art,"No, I want to learn about tools for stone carving or engraving.",yes i want to buy tools for carving,discussion of the impending sale of the Rocky Mountain News,do you want to incude both canadian and us news sources,"No, just the sale of the Rocky Mountain News.",yes i want to kyesw the sale of the rocky mn,Take me to the Starbucks homepage.,are you interested in the stocks of starbucks,"No, I want to go to the Starbucks homepage.",no im looking for the website for the company that makes them,Find testimonials of Universal Animal Cuts nutritional supplement.,did you want to know if it was effective for different levels of weight,"No, I'm just looking for testimonials of the product.",no i want to know if it was effective for different levels of weight
Who is the patron saint of mental illness?,who you like to know who the patron saint of mental illness is,"Yes, I would like to know who the patron saint of mental illness is.",no i want to know who the patron saint of mental illness is,"Are Animal Cuts safe to use, and are they effective?",would you like to review universal animal cuts,"No, I want to know if they're safe to use and if they're effective.",no i want to know what animals can be used for animal cuts,The blue-throated hummingbird is native to what areas?,would you like to know where it originates from,Yes,yes i want to kyesw what areas it originated from,Find printable maps of the United States.,would you like to know more about us roads,"No, I just want a printable map of the United States.",yes,Where can I buy rock and roll posters?,do you want the history of rock art,"No, I want to know where I can buy rock and roll posters.",no i want to know where i can buy rock and roll posters
How do I host a Pampered Chef cooking show?,are you wondering about pampered chef competitors,"No, I want to know how to host a Pampered Chef cooking show.",yes,Where are Brooks Brothers outlet stores located?,would you like to know about the brooks brothers clearance return policy,"No, I want to know the locations of Brooks Brothers outlet stores.",yes,Find information about how people live in India.,what part of india are you interested in,I'm interested in how people live in India.,i dont know,"What was the 2008 budget for Cass County, MO?",are you looking for places to eat in cass county missouri,"No, I want to know the 2008 budget for Cass County, MO.",yes i am looking for a specific county,"I'm looking for information on bars and nightclubs in Hoboken, NJ.",are you looking for an apartment in hoboken,"No, I'm looking for information on bars and nightclubs in Hoboken, NJ.",no i am looking for information on bar and club locations
I'm looking for web sites that do antique appraisals.,what type of appraisals do you need informatiom about,I'm looking for web sites that do antique appraisals.,no i want to see websites that do antique appraisals,I'm looking for a source for Euclid truck parts.,are you looking for a company,"Yes, I'm looking for a source for Euclid truck parts.",yes,How do you treat severe angular cheilitis?,are you looking for the definition of angular cheilitis,"No, I'm looking for how to treat severe angular cheilitis.",yes i am looking for treatment,What are the symptoms of von Willebrand Disease?,what kind of information about von willebrand disease do you want to see,I want to know the symptoms of von Willebrand Disease.,yes,Sites that sell Universal Animal Cuts that include product reviews.,did you want to know if it was effective for different levels of weight,"Yes, I want to know if it is effective for people who are overweight.",yes i would like to see reviews about it
Find the homepage for the NASA Voyager mission.,are you looking for a specific web page,"Yes, I am looking for the homepage for the NASA Voyager mission.",yes i want to go to the homepage of the mission,home page of the Rocky Mountain News,are you interested in news archives,"No, I just want the home page of the Rocky Mountain News.",no,How is workplace diversity achieved and managed?,are you looking for a specific content related to diversity,"Yes, I want to know how workplace diversity is achieved and managed.",yes i want to kyesw how the workplace is managed,Find a black-and-white outline map of the United States such that a child could color.,are you looking for children coloring books,"Yes, I want a black-and-white outline map of the United States such that a child could color.",no i am looking for a map,"Are Animal Cuts safe to use, and are they effective?",did you want to know if it was effective for different levels of weight,I want to know if Animal Cuts are safe to use and if they are effective.,yes i want to kyesw the animal cuts
How often may atypical squamous cells predict cervical cancer?,would you like to know about treatment for atypical squamous cells,"No, I want to know how often may atypical squamous cells predict cervical cancer.",yes,"Looking for any historical information related to Orcas Island: geographical, buildings, people, infrastructure, etc.",are you looking for information from a specific era in the history of orcas island,any era is fine,yes,What is the common name for angular cheilitis?,are asking what the symptoms are for angular cheilits,"No, I am asking what the common name for angular cheilitis is.",yes,What hobby stores carry trains?,are you looking for hobby stores located in maryland,"No, I want to know what hobby stores carry trains.",yes i am looking for stores that carry trains,"I'm looking for the history of Hoboken, NJ.",do you want information on the climate of hoboken,"No, I want the history of Hoboken.",yes i am looking for the history of the city
Where can I buy rock and roll posters?,are you going to purchase any specific tools,"No, I just want to know where I can buy rock and roll posters.",no i need to buy rock and roll posters,Find information about the NASA Voyager spacecraft and missions.,do you want to know where voyager is now,"Yes, I would like to know where the Voyager spacecraft is now.",no i want to know about the spacecraft and mission,Is Brooks Brothers catalog merchandise available at their outlet stores?,are you trying to find brooks brothers clearance suits,"No, I want to know if Brooks Brothers catalog merchandise is available at their outlet stores.",yes,"Find demographic information about Cass County, MO.",do you want to know about the schools in cass county missouri,"No, I want to know the demographic information about Cass County, MO.",no i want to know about the demographics of the county missouri,quotes about independence,which use of that quote are you interested in,the one about independence,no i want to know about the opinions of men
What do atypical squamous cells mean on a pap smear test?,do you want to see a picture of atypical squamous cells,"No, I want to know what they mean on a pap smear test.",yes,"Find the homepage for the city of Hoboken, NJ.",are you looking for information about the hoboken medical center,"No, I'm looking for the homepage for the city of Hoboken, NJ.",no i want the homepage for the city of Hob,Find information on shoeing horses and horseshoe problems.,do you need horse hoof care tips,"Yes, I would like to know more about shoeing horses and horseshoe problems.",no,"I'm looking for information on Defender, an arcade game by Williams. Is it possible to play it online?",are you referring to a software,"No, I'm talking about the Williams arcade game from the 1980s.",yes,What problems have afflicted the Ford Edge car model?,what city and state are you looking for a ford edge repair shop in,I just want to know what problems have afflicted the Ford Edge car model.,i dont kyesw
Provide pressure washer reviews and/or ratings.,are you trying to build a pressure washer,"No, I'm trying to buy one. I need reviews and ratings for pressure washers.",yes i am looking for reviews and ratings,"Find a map of the area around the US Capitol, including nearby sites to visit.",do you want to know what cities are on the us capitol map,"No, I want a map of the area around the US Capitol, including nearby sites to visit.",no i am looking for a map of the us capitol,Find calorie counts and other nutritional information about Starbucks products.,are you looking for a recipe,"No, I want to know the calorie counts and other nutritional information about Starbucks products.",yes i am looking for the calorie count and other nutritional information for the company,Where can I buy radio-controlled planes?,are you looking for a radiocontrolled plane,"Yes, I want to know where I can buy radio-controlled planes.",no i want information on where i can buy one,Find information about horses' hooves and how to care for them.,are you asking about a horses feet,"Yes, I want to know how to take care of a horse's hooves.",no
Find information about solar panels that I can install on my home.,do you want annual savings totals if you install solar panels,Yes,yes,Where can I go on a hay ride in Pennsylvania?,do you have a designated date and time you would want the hayride in pennsylvania,"No, I just want to know generally where I can go on a hay ride in Pennsylvania.",yes i am looking for a specific date and time,Find information about human memory.,how to cheat at the game memory,"No, I want to know about human memory.",yes i am looking for information on human memory,"Who said ""all men are created equal""?",which use of that quote are you interested in,"I want to know who said ""all men are created equal"".",i dont know,What was the name of Elvis Presley's home?,are you referring to elvis presleys hometown,"No, I'm asking about the name of his home.",yes
What is cultural diversity? What is prejudice?,are you looking for information on a specific diversity program,"no, I would like to know what cultural diversity is and what prejudice is.",yes,What are the different brands of pressure washers?,are you trying to build a pressure washer,"No, I want to know what the different brands of pressure washers are.",no i want to know what brands of pressure washers are available,Find a picture of a blue-throated hummingbird.,do you want to know what they look like,I want to see a picture of one.,no i want to see a picture of a blue bird,What is the website for HobbyTown USA?,why type of hobby arts and crafts or sports,I'm looking for a hobby store that sells model trains.,no,Find information for visitors and immigrants about living in India.,are you intested in statistics on expats residing in india,"No, I'm not interested in statistics.",yes i want information on living in india
Find information about buying real estate in India.,do you want to know what the best thing about living in india is,"No, I want to know about buying real estate in India.",no i am looking for information about buying real estate in india,How often may atypical squamous cells predict cervical cancer?,do you want to learn about atypical squamous cells in a pap smear,"No, I want to know how often may atypical squamous cells predict cervical cancer?",no,Find information on Breeders Cup races.,are you interested in the racing schedule,"Yes, I want to find information on the Breeders Cup races.",yes im interested in the race schedule,Who is the patron saint of mental illness?,are you interested in learning the back story of the patron saint of mental illness,"No, I just want to know who the patron saint of mental illness is.",yes i am interested in his personal biography,I want to find some example wedding budgets.,did you want to see if there was an app to do it,"No, I want to find some example wedding budgets.",yes i am looking for a wedding budget calculator
Where can I learn about rock painting or buy a rock-painting kit?,do you want examples of rock art,"No, I want to learn how to make it.",yes i want to learn about rock painting,Find examples of employee performance appraisals.,are you looking for a type of appraiser,"No, I want to know about employee performance appraisals.",yes i am looking for examples of employee performance appraisals,I want to go to the homepage for Defender Marine Supplies.,is your child playing soccer,"No, I want to go to the homepage for Defender Marine Supplies.",yes,information about Indian tribes that used adobe houses,do you wish to know the location of native american houses,"No, I want to know about Indian tribes that used adobe houses.",yes i want to kyesw about tribes that used an adobe house,The blue-throated hummingbird is native to what areas?,do you want to know what they look like,"No, I want to know what areas the blue-throated hummingbird is native to.",no i want to know where they are in the wild
Are there biodegradable products for the disposal of dog waste?,would you like to know a location to find dog clean bags,"No, I would like to know if there are biodegradable products for the disposal of dog waste.",no i would like to know what products are available for the disposal of dog waste,How do I become a Pampered Chef consultant?,are you trying to buy pampered chef,"No, I want to become a Pampered Chef consultant.",yes i am looking for a professional pampered cook who has,What do atypical squamous cells mean on a pap smear test?,do you want to learn about cervical cancer,"No, I want to know about atypical squamous cells on a pap smear test.",yes,I'd like to order books or videos/CDs about how to construct adobe buildings.,what type of adobe indian house are you looking for,I'd like to order books or videos/CDs about how to construct adobe buildings.,i dont kyesw,What type of careers are there for computer programmers?,are you interested in the history of computer programming,"No, I want to know what type of careers are there for computer programmers.",yes i want to know the types of careers for computer programmers
"Find information about the television series, ""Star Trek: Voyager""",do you want to know which planets voyager has visited,"No, I want to know about the show ""Star Trek: Voyager""",yes,Find ideas for how to celebrate Poem in Your Pocket Day and National Poetry Month.,are you interested in the canadian holiday,"No, I'm interested in the American one.",yes i want to know how to celebrate it,"I'm looking for information on Defender, an arcade game by Williams. Is it possible to play it online?",are you interested in the isfj personality type,"No, I want to know about the arcade game by Williams.",yes,What are the best ways of disposing of dog waste?,are you looking for a way to dispose your dog wast,"Yes, I want to know the best ways of disposing of dog waste.",yes i am looking for ways to dispose of dog waste,"Find flight information for the Ontario, CA airport.",would you like to know more about ontarioca airport services,"No, I would like to find flight information for the Ontario, CA airport.",yes i would like to kyesw about their airport services
"How has the phrase ""all men are created equal"" been interpreted over time by the US surpreme Court?",would you like to know the gettysburg address,"No, I want to know how the phrase ""all men are created equal"" has been interpreted over time by the US Supreme Court.",yes,What were the major battles in the US civil war?,do you want to know how many people were killed,"No, I want to know about the major battles.",yes i want to know the major battles,What do atypical squamous cells mean on a pap smear test?,would you like to know about treatment for atypical squamous cells,"No, I want to know what they mean on a pap smear test.",no,Find information on the Land Rover Defender sport-utility vehicle.,are you interested in the isfj personality type,"No, I'm not interested in the isfj personality type. I want to know about the Land Rover Defender sport-utility vehicle.",yes,"What services/facilities does the Ontario, CA airport offer?",do you need a map of the area would you like the website address,"No, I don't need a map. Just tell me what services/facilities the airport offers.",yes i need a map of the area
information on the state income tax in Illinois,do you want to know where your refund is or know the tax rate,I want to know the tax rate.,no i want to know about the tax rate in the state,What are the migration patterns of the blue-throated hummingbird?,would you like to know about the current population numbers of blue throated hummingbirds,"No, I want to know about the migration patterns.",no i would like to know the migration patterns of the bluethroated hummingbird,Find testimonials of Universal Animal Cuts nutritional supplement.,did universal animal cuts work for you,I haven't tried it yet.,yes i would like to read about the benefits of animal feeds,How can I plan an inexpensive wedding?,what are your budget priorities for your wedding,I want an inexpensive wedding.,i dont know,Find a map of the inside of the US Capitol.,do you want to know how to access a us capitol map,"No, I want you to find me a map of the inside of the US Capitol.",no
What computer programming languages are there?,are you interested in a coding bootcamp,"No, I just want to know what computer programming languages are there.",no,Find archives of articles from the Milwaukee Journal Sentinel.,which medium do you prefer the newspaper to be in,I would like the newspaper to be in an online archive.,no i would like to see articles,What was the name of Elvis Presley's home?,are you looking to see how long elvis presley lived in his home,"No, I just want to know the name of his home.",no,"Looking for any historical information related to Orcas Island: geographical, buildings, people, infrastructure, etc.",do you want to know about the first inhabitants of orcas island,Yes,no i want to know about the history of the island,"I'm looking for information on Defender, an arcade game by Williams. Is it possible to play it online?",are you looking for defender lyrics,"No, I'm looking for information on Defender, an arcade game by Williams. Is it possible to play it online?",yes
I'm looking for companies that appraise jewelry.,would you like to find appraisers near you,"No, I want to know about the process of appraising jewelry.",yes i am interested in companies that appraisals jewelry,The blue-throated hummingbird is native to what areas?,would you like to learn about how fast blue throated hummingbirds are,"No, I want to know what areas the blue-throated hummingbird is native to.",yes i would like to kyesw what areas are called in the wild,What are the migration patterns of the blue-throated hummingbird?,do you want to learn more about how blue throated hummingbirds mate,"No, I want to know about their migration patterns.",no i am looking for general information about the migratory patterns of the bluethroated hummingbird,"Are Animal Cuts safe to use, and are they effective?",did you want to know if anyone near you has tried it,"No, I want to know if Animal Cuts are safe to use and effective.",no i want information on animal cuts,How do you treat severe angular cheilitis?,are you looking for webmd websites or mayo clinic websites about angular cheilits,I want to know how to treat severe angular cheilitis.,no i am looking for information on treatment
Find examples of employee performance appraisals.,are you looking for appraisal companies near you,"No, I want to know what an employee performance appraisal is.",yes i want examples of employee performance appraisals,Find the seating chart of Churchill Downs.,which part of churchill downs are you interested in knowing more about,I want to know the seating chart.,yes i want the seating chart of the churchill downs,Find information on Breeders Cup races.,are you wondering where churchill downs is,"No, I want to know when the next Breeders Cup race is.",no i want information on the races,Find information on the artwork used on rock music album covers.,would you like to know anything specific about rock music,"Yes, I want to know about the artwork used on rock music album covers.",yes i would like information on the images used on rock music album covers,What famous generals fought in the US civil war?,are you looking for a union victory,"No, I want to know what famous generals fought in the US civil war.",yes
Find directions to the Ritz Carlton Lake Las Vegas.,would you like the location of the ritz carlton lake las vegas,"Yes, I would like the location and directions to the Ritz Carlton Lake Las Vegas.",no i would like directions to the ritz carlton lake las vegas,What are the different brands of pressure washers?,are you wondering what a pressure washer is,"No, I want to know the different brands of pressure washers.",no,What are the educational benefits of social networking sites?,which social networking sites would you like information on,All of them.,no i want to know the benefits,"Historical facts about Cass County, Missouri.",do you have travel plans,"No, I just want to know historical facts about Cass County, Missouri.",yes i am interested in historical facts about the county,"Find information on various types of computer memory, and how they are different.",are you interested in the type of memories,"Yes, I want to know about the different types of computer memory, and how they are different.",yes i am interested in information about computer memory types
Find information about solar panels that I can install on my home.,would you like the historical information on solar panels,"No, I would like information on solar panels that I can install on my home.",no,Find pictures of horse hooves.,what problem is your horse having with their hooves,I just want to see pictures of horse hooves.,no,Find a site where I can determine room price and availability.,are you looking for any specific games to play there,"No, I just want to know the room prices and availability.",yes i am looking for a site where i can determine room price and availability,"Find demographic information about Cass County, MO.",is there any specific information that you are looking for,"I want to know the population, the average income, and the average age.",yes,Find pictures of horse hooves.,are you looking for information about horseshoe,"No, I want to see pictures of horse hooves.",yes
Find political maps of the United States showing the states and their capitals.,which language of us map would you prefer,English,i dont know,Find reviews of the Ritz Carlton Lake Las Vegas.,are you looking for any specific games to play there,I'm not looking for any specific games to play there. I just want to know what the reviews of the Ritz Carlton Lake Las Vegas are.,yes i want reviews of the ritz caslax lake las vegas,Find complete (not partial) recipes for beef stroganoff.,what is your favorite cut of beef to be used for the recipe,"I don't have a favorite cut of beef, I just want a complete recipe for beef stroganoff.",i dont know,"Find flight information for the Ontario, CA airport.",would you like to book a flight at ontario california airport,"No, I just want to find information on it.",no i need the flight information,Can I grow a kiwi fruit tree?,are you interested in images of the kiwi fruit,"No, I want to know if I can grow a kiwi fruit tree.",yes
Can I grow a kiwi fruit tree?,are you looking for kiwi birds for sale,"No, I want to know if I can grow a kiwi fruit tree.",no,What kinds of solar panels and photovoltaic cells are there?,do you want to know where solar panels are typically installed in a home,"No, I want to know about the different types of solar panels and photovoltaic cells.",yes,How is workplace diversity achieved and managed?,are you looking into diversity in hiring,yes,no i am looking for the outcome of the company in general,"What hotels are near the Ontario, CA airport?",would you like to book a hotel there,"No, I just want to know what hotels are near it.",no i would like to find a listing of hotels near the airport,"Find a map of the area around the US Capitol, including nearby sites to visit.",do you want to know if there is tour information on the us capitol map,"No, I just want a map of the area around the Capitol, including nearby sites to visit.",yes i would like a map of the area
information on the state income tax in Illinois,do you want to get helping completing your illinois state tax return,"No, I want information on the state income tax in Illinois.",no i want to know about the income tax in the state of indiana,information about Indian tribes that used adobe houses,do you need any specific information about people who resided in adobe houses,"Yes, I would like to know about Indian tribes that used adobe houses.",yes i want information about tribes that used adobe homes,Where can I buy radio-controlled planes?,do you want stores with physical locations or online stores,I want to know where I can buy radio-controlled planes.,no i need to find a radiocontrolled plane,Where are Brooks Brothers outlet stores located?,are you looking for a brooks brothers outlet,"Yes, I'm looking for a Brooks Brothers outlet store.",no i am looking for stores located near me,Find calorie counts and other nutritional information about Starbucks products.,are you looking for current news related to starbucks,"No, I want to know the calorie counts and other nutritional information about Starbucks products.",no i want information on the nutritional information for the company itself
"What services/facilities does the Ontario, CA airport offer?",is there anywhere in california youd like to go visit,"No, I just want to know what services/facilities the Ontario, CA airport offers.",yes i want to kyesw about the services the oregon california airport offers,Find information on the Greek mathematician Euclid.,do you want a biography,"No, I want his accomplishments",no,information about Indian tribes that used adobe houses,do you want to know what adobe indian houses are made out of,"No, I want to know about the tribes that used them.",yes i am interested in the tribes that used an adobe indian house,What are the boundaries of the political jurisdictions in Brazil?,do you want a map of the roads in brazil,"No, I want to know the boundaries of the political jurisdictions in Brazil.",yes,"What is ""Poem in Your Pocket Day""?",do you need information related to celebrating the poem in your pocket day,"Yes, I would like to know more about how to celebrate Poem in Your Pocket Day.",yes i want to kyesw what it is
quotes about independence,would you like to learn more about the declaration of independence,"no, I want to know quotes about independence",yes i want to learn about the definition of a man,Sites that sell Universal Animal Cuts that include product reviews.,would you like to review universal animal cuts,"No, I'm looking for a site that sells Universal Animal Cuts that include product reviews.",yes i would like to see reviews of animal cuts,"What was the 2008 budget for Cass County, MO?",would you like to know more about the city,"No, I want to know the budget for 2008.",no,Find detailed geographic maps of the United States.,do you want to see a political map of the united states,Yes,no i am looking for a map of the united states,"What is the address of the Ontario, CA airport?",would you like to book a flight at ontario california airport,"No, I just want to know the address.",no i want to know the address of the oregon california airport
"I would like to find reviews of The Pampered Chef programs, products, and recipes.",are you wondering about pampered chef competitors,"No, I would like to find reviews of The Pampered Chef programs, products, and recipes.",yes i am looking for reviews of the pampered cook programs and recipes,I am looking for information about taking a vacation trip to Brazil.,do you need to know where to find a map of brazil,"No, I do not need a map of Brazil. I am looking for information about taking a vacation trip to Brazil.",no i am looking for information about taking a vacation to the city of brazil,"Find flight information for the Ontario, CA airport.",what ammendities are you looking for in your airport,I just need to know what flights are available and their times.,i dont know,Find poems written for Poem In Your Pocket Day.,do you need to know the date for 2019,"No, I just want to know what it is.",no i am interested in poetry written for pen in your pocket,Find US road maps.,are you looking for children coloring books,"No, I'm not looking for children coloring books. I want a map of the USA for a road trip.",yes i am looking for a map of us road maps
How do you treat severe angular cheilitis?,are you looking for a common name for angular cheilitis,"No, I want to know how to treat severe angular cheilitis.",no,Are there biodegradable products for the disposal of dog waste?,are you interested in buying some,I just want to know if there are biodegradable products for the disposal of dog waste.,yes,What are the symptoms of von Willebrand Disease?,do you want to know about the cause of von willebrand disease,"No, I want to know about the symptoms.",yes,Find archives of articles from the Milwaukee Journal Sentinel.,are you interested in a subscription to the milwaukee journal sentinel,"No, I just want to find archives of articles.",yes,What are the best ways of disposing of dog waste?,are you referring to a specif type of dog clean up bag,"No, I just want to know where I should order dog clean-up bags in general.",no i am referring to a bag of dog waste
The blue-throated hummingbird is native to what areas?,do you want to find them in mexico or in the us,I want to know what areas the blue-throated hummingbird is native to.,no i want to find them in me,What causes angular cheilitis?,do you want to know how to avoid angular cheilitis,"No, I want to know what causes angular cheilitis.",yes,I am looking for information about taking a vacation trip to Brazil.,do you want to know an app that has maps of brazil,"No, I want to know where to go if I made a crime in Brazil.",no i am looking for information about taking a trip to Brazil,"I'm looking for information on planning a wedding shower, like theme ideas and budget guidelines.",did you want to see examples of budget weddings,"No, I want a budget calculator for my wedding shower.",no i want information on how to plan a wedding in my area,I want to go to the homepage for Defender Marine Supplies.,are you looking for defender lyrics,"No, I want to go to the homepage for Defender Marine Supplies.",yes i am looking for the homepage for the company
information about the drafting of the Declaration of Independence,would you like to know more about the author,"No, I want to know about the drafting of the Declaration of Independence.",no,Find information for visitors and immigrants about living in India.,do you want to know foreigners feelings about living in india,Yes.,no i am looking for information on living in india,"I am looking for newcomer information for Cass County, Missouri.",there are some interesting historical facts about cass county shall i show them to you,yes,no i am looking for information about the county and its history,"Find information about the television series, ""Star Trek: Voyager""",do you want to know more about the nasa voyager program,"No, I want to know about the television series ""Star Trek: Voyager""",no,Find information on shoeing horses and horseshoe problems.,are you asking about a horses feet,Yes.,yes
Find pictures of horse hooves.,are you asking about a horses feet,Yes,yes,Find information about solar panels that I can install on my home.,do you want to know where solar panels are typically installed in a home,"No, I want to know about the solar panels themselves. What they are made of and how they work.",yes,Find information on the Land Rover Defender sport-utility vehicle.,are you looking for advice on how to play soccer,"No, I'm looking for information on the Land Rover Defender sport-utility vehicle.",no i want to know about the sportsutility vehicle,"What hotels are near the Ontario, CA airport?",would you like to know more about ontarioca airport services,"No, I would like to know what hotels are near the airport.",yes i want to kyesw the nearest hotels and the nearest hotels,Find detailed geographic maps of the United States.,are you interested in a historical map of the united states,"No, I need a current map.",no
information about the sales tax in Illinois: what is the rate and what is it levied on,do you want to read articles about the tax rate or know the tax rate percentage,I want to know the tax rate percentage and what it is levied on.,no,Find information about horses' hooves and how to care for them.,do you want to know what horse hooves are made from,Yes,no i want information on hooves,I'm looking for locations of Starbucks stores worldwide.,are you looking for a recipe,"No, I'm looking for locations of Starbucks stores worldwide.",yes i want to find locations in stores,Find information about buying real estate in India.,are you interested in the best place to live in india,"Yes, I am interested in finding information about buying real estate in India.",no i want to find information about buying real estate in india,Where can I buy rock and roll posters?,are you referring to a music genre,"No, I want to buy rock and roll posters.",yes i am referring to a rock and roll company
Find US road maps.,which language of us map would you prefer,I prefer the English language.,no i am looking for a map of us roads,Find information on Breeders Cup races.,which part of churchill downs are you interested in knowing more about,I want to see the Breeders Cup races.,i dont know,Describe the anatomy of horses' feet and hooves.,are you looking for a diagram of a horse hoof,"Yes, I would like a diagram of a horse hoof.",no i am looking for a specific anatomy of an animal,What are the boundaries of the political jurisdictions in Brazil?,do you need to know where to find a map of brazil,"No, I need to know the boundaries of the political jurisdictions in Brazil.",no i want to know the political jurisdictions,What computer programming languages are there?,are you looking to see how much computer programming lessons cost,"No, I want to know what computer programming languages are there.",yes
information about the sales tax in Illinois: what is the rate and what is it levied on,may i tell you how much the state income tax in illinois is,"No, I want to know about the sales tax in Illinois: what is the rate and what is it levied on.",no,What is the common name for angular cheilitis?,are you interested in what can cause angular cheilitis,"No, I want to know the common name for angular cheilitis.",no,Who are the sports reporters for the Rocky Mountain News?,would you like to read recent news about the rocky mountain news,"Yes, I would like to know who the sports reporters are.",yes,Find poems written for Poem In Your Pocket Day.,are you looking for templates to print out for poem in your pocket day,"No, I want to find poems that have already been written.",no,What are the boundaries of the political jurisdictions in Brazil?,are you planning a trip to brazil,"No, I just want to know the boundaries of the political jurisdictions in Brazil.",yes
Find information about buying real estate in India.,would you like to learn about expats living in india,"No, I want to buy real estate in India.",no,Where can I go on a hay ride in Pennsylvania?,are you interested in a specific area in pennsylvania for hayrides,"No, I just want to know where I can go on a hayride in general.",no,"What was the 2008 budget for Cass County, MO?",which part of cass county are you referring to,I want to know the 2008 budget for the entire county.,i dont know,What computer programming languages are there?,are you interested in programming courses for children,"No, I want to know what computer programming languages are there.",no,"What is the address of the Ontario, CA airport?",would you like to know more about ontarioca airport services,"No, I just need the address.",no i would like to know the address of the oca airport
Find the sports section of the Milwaukee Journal Sentinel.,which section of the paper do you want,I want the sports section.,yes i want the sports section of the milwaukeejournalstation,How do you treat severe angular cheilitis?,are you interested in home remedies for angular cheilitis,"No, I want to know how to treat severe angular cheilitis.",yes,Find calorie counts and other nutritional information about Starbucks products.,are you looking for a specific web page,"Yes, I want to find calorie counts and other nutritional information about Starbucks products.",no i am looking for calorie count and nutritional information,Provide pressure washer reviews and/or ratings.,do you want a pressure washer with a certain engine,I want to know the reviews and ratings for pressure washers.,no i want ratings and ratings,Find information on shoeing horses and horseshoe problems.,do you want to know about how horse hooves are grown,"No, I want to know about shoeing horses and horseshoe problems.",yes i need information about shoeing horses and horseshoe problems
What are the educational benefits of social networking sites?,what type of educational advantages are you seeking from social networking,I want to know what are the educational benefits of social networking sites.,i dont know,How is workplace diversity achieved and managed?,do you need the definition of diversity,"No, I want to know how workplace diversity is achieved and managed.",yes i want to kyesw the definition of the best way of achieving it,What was the name of Elvis Presley's home?,do you mean the home that elvis presley grew up in,Yes.,no,"I want to find online guides, tips, and checklists for planning a wedding.",are you looking for advice on wedding budgeting,"Yes, I want to find online guides, tips, and checklists for planning a wedding.",no i want to find online resources on wedding planning,image of the Declaration of Independence at the National Archives,which use of that quote are you interested in,I want to know about the image of the Declaration of Independence at the National Archives.,this is not related to my search
Find a black-and-white outline map of the United States such that a child could color.,do you want to see a map of united states territories,"No, I want a black-and-white outline map of the United States such that a child could color.",yes,What famous generals fought in the US civil war?,do you want specific or general details on battles,I want to know about famous generals.,no i want to know the famous battles,What problems have afflicted the Ford Edge car model?,what problems with the ford edge are you asking about transmission liftgate brakes etc,I don't know. That's why I'm asking.,yes i want to kyesw about the car model,"What is the address of the Ontario, CA airport?",do you mean an airport in canada,"No, I mean an airport in California.",no i am looking for a specific address,Find reviews of the Ritz Carlton Lake Las Vegas.,do you need a reservation at the ritz carlton in las vegas,"No, I need reviews of the Ritz Carlton Lake Las Vegas.",no i want reviews
"Find flight information for the Ontario, CA airport.",do you know how long your trip will be,I need a round trip ticket from September 1-5.,yes i am looking for the actual flight information,"Find the homepage for the city of Hoboken, NJ.",do you want to visit hoboken,"No, I want the homepage for the city of Hoboken, NJ.",no i want to find the city of hoboken ny,Find some recipes from The Pampered Chef.,are you wondering what pampered chef sells,"No, I want to know about their recipes.",no i want recipes from the pampered cook,Find information for visitors and immigrants about living in India.,what part of india are you interested in,I'm interested in living in India.,i dont know,Find information on the Land Rover Defender sport-utility vehicle.,is your child playing soccer,"No, I want to know about the Land Rover Defender sport-utility vehicle.",yes
"Find demographic information about Cass County, MO.",are you interested in a list of homes for sale in cass county,"No, I want to know the population ofCass County, MO.",no,"I would like to find reviews of The Pampered Chef programs, products, and recipes.",would you like to see the current pampered chef catalog,"No, I would like to find reviews of The Pampered Chef programs, products, and recipes.",yes i want to read reviews of the pampered cook programs and recipes,"Looking for any historical information related to Orcas Island: geographical, buildings, people, infrastructure, etc.",would you like to learn about the origin of the name of orcas island,"No, I want to know about the geographical, buildings, people, infrastructure, etc.",yes,Find information on kiwi fruit.,would you like to know how to grow kiwi fruit,"No, I would like to know the nutritional value of kiwi fruit.",no,discussion of the impending sale of the Rocky Mountain News,are you interested inn information about the national park,"No, I want to know about the sale of the Rocky Mountain News.",yes
Find some recipes from The Pampered Chef.,would you like to see the current pampered chef catalog,"No, I want to see some recipes.",yes i would like some recipes from the pampered cook,Find specific events in New York City connected to Poem In Your Pocket Day.,did you want to know when poem in your pocket day is,"Yes, I want to know when poem in your pocket day is and what specific events are happening in New York City for it.",no i want to know events,What causes angular cheilitis?,are you looking for best treatments for angular cheilitis,"No, I want to know what causes angular cheilitis.",no,Find printable maps of the United States.,are you interested in learning more about the us map,"No, I just want to find a printable map of the United States.",yes i am looking for printable maps of the us map,List online computer programming tutorials.,are you looking for nearby coding classes,"No, I want a list of online tutorials.",no i am looking for tutorials about computer programming
What home remedies are there for angular cheilitis?,are you looking for the definition of angular cheilitis,"No, I am looking for home remedies for angular cheilitis.",yes i want to kyesw about home remedies,"Find a street-level map of Hoboken, NJ.",are you looking for hoboken hotels,"No, I want a street-level map of Hoboken, NJ",no i am looking for a street level map of the city,Find information on the Kentucky Derby Museum.,are you interested in the racing schedule,"No, I want to go to the Kentucky Derby Museum.",no i am looking for general information on the kentucky Derby museum,What is the scientific name of the blue-throated hummingbird?,are you looking for any specific photos,"No, I just want to know the scientific name.",yes i want to kyesw the scientific name,Find pictures of horse hooves.,do you want to inquire about horse hooves,"No, I want to find pictures of horse hooves.",yes
quotes about independence,would you like to know the gettysburg address,"No, I would like to know quotes about independence.",no,The blue-throated hummingbird is native to what areas?,would you like information about their breeding,"No, I would like to know what areas the blue-throated hummingbird is native to.",yes,"What services/facilities does the Ontario, CA airport offer?",would you like to hear nes about ontario california airport,Yes,yes i would like to kyesw what services they offer,How does one build an adobe house?,do you want to learn how an adobe indian house is made,Yes,yes,"Who said ""all men are created equal""?",would you like to learn about the author of that quote,Yes.,no
Find restaurants in Hoboken.,are you looking for a specific web page,"No, I am looking for restaurants in Hoboken.",no i am looking for a specific website,What hobby stores carry trains?,do you want to know hours of operation,"No, I want to know if they carry trains.",yes i want to kyesw where to get them,How does one build an adobe house?,do you want to know about pueblo hopi or american indian houses,I want to know about how to build an adobe house.,no,"What treatments are available for CCFT, carotid cavernous fistula?",what causes carotid cavernous fistula,I don't know. What are treatments for carotid cavernous fistula?,no i am looking for treatments,Find information on the racing schedule at Churchill Downs.,is there any specific race on your mind,I just want to see the schedule for Churchill Downs.,yes i am looking for information on the race schedule at Churchill Downs
How does one build an adobe house?,are you looking for a tour of adobe indian houses,"No, I would like to know how to build an adobe house.",yes,"Find recipes from Starbucks, either for making or using Starbucks products.",are you looking for a specific web page,"I want to find recipes from Starbucks, either for making or using Starbucks products.",yes i am looking for recipes for using or using Starbucks,Find the homepage for the NASA Voyager mission.,do you want to know more about the nasa voyager program,Yes,yes i am looking for the website for the nasa voyager mission,Find information about horses' hooves and how to care for them.,do you need your horses hooves trimmed,"Yes, I would like to know how to care for my horse's hooves.",yes i want information about hooves and how to care for them,What kinds of solar panels and photovoltaic cells are there?,do you want annual savings totals if you install solar panels,"No, I just want to know what kinds there are.",yes i want information on solar panels and cell types
Who are the sports reporters for the Rocky Mountain News?,are you talking about news in colorado,"Yes, I'm talking about news in Colorado. Who are the sports reporters for the Rocky Mountain News?",yes,"I would like to find reviews of The Pampered Chef programs, products, and recipes.",would you like to find pampered chef recipes,"No, I would like to find reviews of The Pampered Chef programs, products, and recipes.",yes,Find a site where I can determine room price and availability.,would you like to know the capacity of ritz carlton lake las vegas,"No, I want to know the room price and availability.",yes i would like to kyesw where i can buy and sell a room in the ritz,"Are Animal Cuts safe to use, and are they effective?",why are you looking to add supplements to your diet,I'm trying to get shredded for the summer. I want to know if Animal Cuts are safe to use and effective.,no,"Find the homepage for the city of Hoboken, NJ.",do you want to see points of interest in hoboken,"No, I want to find the homepage for the city of Hoboken, NJ.",no i want to go to the city website
"What services/facilities does the Ontario, CA airport offer?",do you need directions to ontario california airport,"No, I'm looking for a list of services and facilities that the airport offers.",no i want to know what services they offer,Find free activities and materials for running a diversity training program in my office.,are you looking for a specific content related to diversity,"Yes, I'm looking for free activities and materials for running a diversity training program in my office.",yes i want to find free activities and materials for running a diversity training program in my office,Can I grow a kiwi fruit tree?,are you referring to the fruit or the people from new zealand,the fruit,no,information about the drafting of the Declaration of Independence,would you like to know the gettysburg address,"no, I want to know about the drafting of the Declaration of Independence",yes i would like to know the drafting of the the declaration of the indiana,"Find demographic information about Cass County, MO.",do you want to know about the crime rate in cass county missouri,"No, I want to know the population density.",no i want to know more about the demographics of the county in general
Find reviews of the Ritz Carlton Lake Las Vegas.,would you like the location of the ritz carlton lake las vegas,"No, I would like to see reviews of the Ritz Carlton Lake Las Vegas.",no i am looking for reviews,Find information about nano-technological solar power.,are you looking for information on purchasing and installing solar panels,"No, I want to know about the technology of solar panels.",no i want information about solar power,Find archives of articles from the Milwaukee Journal Sentinel.,which reporters are you interested in reading articles from,"I don't know, just general articles.",i dont know,I'm looking for companies that appraise jewelry.,are you offering appraisal services,"No, I'm not offering appraisal services. I'm looking for companies that appraise jewelry.",yes i am looking for companies that specialize in the appraisal process,"Find a map of the area around the US Capitol, including nearby sites to visit.",do you want to know what details are on a us capitol map,"No, I want a map of the area around the US Capitol, including nearby sites to visit.",no i want a map of the area
image of the Declaration of Independence at the National Archives,are you trying to look up a speech,"no, I want to know where I can find an image of the Declaration of Independence at the National Archives",no i am trying to find a map of the declaration of the patriots,"What treatments are available for CCFT, carotid cavernous fistula?",how long does it take to treat carotid cavernous fistula,"I don't know, that's why I'm asking. What treatments are available for CCFT?",i dont know,"Find information about the television series, ""Star Trek: Voyager""",do you want to know where to get a book on the voyager,"No, I want to know about the television series, ""Star Trek: Voyager.""",yes,"What hotels are near the Ontario, CA airport?",would you like to book a flight at ontario california airport,"No, I would like to know what hotels are near the airport.",no i need a list of hotels near the airport,What companies can give an appraisal of my home's value?,do you want to know the cost of an appraisal,"No, I want to know what companies can give an appraisal of my home's value.",yes i want to kyesw about the average price
What are the best ways of disposing of dog waste?,would you like to do online shopping,"No, I would like to know what are the best ways of disposing of dog waste.",yes i am interested in the best ways to dispose of dog waste,information on the state income tax in Illinois,for which year would you like to know the illinois state tax,"I don't want the sales tax, I want the income tax.",yes i need tax information,I am looking for spreadsheets or templates to help me tabulate a budget for a wedding.,were you interested in a free or paid budget calculator,"I don't know, whatever is the best.",yes i would like to see a list of free or paid options,Describe the anatomy of horses' feet and hooves.,are you asking about a horses feet,"Yes, I want to know about the anatomy of horses' feet and hooves.",yes,Find information on the Land Rover Defender sport-utility vehicle.,would you like to visit a specific web page,Yes,yes
What are the educational benefits of social networking sites?,do you want to know how you get education advantages from using social networking sites,Yes.,yes,Can I order dog clean-up bags online?,do you want to know if they are a requirement where you live,"No, I just want to know where I can order them.",yes i want to kyesw if i can order them online,"Find information about the television series, ""Star Trek: Voyager""",are you referring to the voyager 1 or voyager 2,"I'm referring to the television series, ""Star Trek: Voyager.""",no i am,Take me to the Starbucks homepage.,are you looking for specific information about starbucks gift cards,"No, I want to be taken to the Starbucks homepage.",yes im looking for the website for the company i am looking for for information about at least i can,What companies can give an appraisal of my home's value?,are you looking for a type of appraiser,I am looking for companies that can give an appraisal of my home's value.,no i want to know about an appraisal
What are the best ways of disposing of dog waste?,do you want to know the cost,"No, I want to know the best ways of disposing of dog waste.",no i want to know the best ways to dispose of dog waste,"Information about zoning regulations in Cass County, Missouri.",would you like to know more about the city,"No, I would like to know about the zoning regulations.",yes,What is cultural diversity? What is prejudice?,in what setting do you need to know more about diversity,I need to know about cultural diversity and prejudice.,yes,Find information on Breeders Cup races.,are you looking for events at churchill downs,"Yes, I want to see the upcoming events at Churchil Downs.",no i am looking for information on breeders cup races,"I am looking for newcomer information for Cass County, Missouri.",is there any important documents youre trying to access,"I'm just looking for some general information about Cass County, Missouri.",yes
Find information about the Ritz Carlton resort at Lake Las Vegas.,are you wondering where the ritz carlton in las vegas is located,"No, I am not wondering that.",yes i am wondering about the ritz carlton resort,I'm looking for locations of Starbucks stores worldwide.,would you like the location of the nearest starbucks,I'm looking for locations of Starbucks stores worldwide.,yes i want locations in all of the world,"What is the address of the Ontario, CA airport?",would you like to hear departure times for ontario california airport,"No, I would like the address please.",yes i would like the address of the oca california airport,What kinds of solar panels and photovoltaic cells are there?,are you looking for a specific type of solar panels,I want to know what kinds of solar panels and photovoltaic cells are there.,no,What are the different brands of pressure washers?,are you looking for the nearest location to buy a pressure washer,"No, I want to know what different brands of pressure washers there are.",yes i want to kyesw what brands are available
information about the sales tax in Illinois: what is the rate and what is it levied on,would you like to know when the illinois state tax is due,"No, I would like to know the rate and what is it levied on.",yes i want to kyesw the rate and levy it on the indiana state,"Find recipes from Starbucks, either for making or using Starbucks products.",are you looking for a recipe,"Yes, I want to find recipes from Starbucks, either for making or using Starbucks products.",yes i am looking for recipes for Starbucks,How do you treat severe angular cheilitis?,are you looking for websites that describe angular cheilits,"No, I want to know how to treat severe angular cheilitis.",no i am looking for information on treating them,information about Indian tribes that used adobe houses,what type of adobe indian house are you looking for,I would like information about Indian tribes that used adobe houses.,i dont know,Find testimonials of Universal Animal Cuts nutritional supplement.,would you like to purchase universal animal cuts,I would like to find testimonials of the product,yes i want to find testimonials of the supplements
"Find a map of the area around the US Capitol, including nearby sites to visit.",do you want a map of washington dc,"No, I want a map of the area around the US Capitol, including nearby sites to visit.",no,I want to find some example wedding budgets.,were you interested in a free or paid budget calculator,I want to find some example wedding budgets.,no i am looking for a wedding budget calculator,I want to go to the homepage for Defender Marine Supplies.,are you interested in the television series defender,"No, I want to go to the homepage for Defender Marine Supplies.",yes i am interested in the website for the website for the defender marine supply company,I'm looking for web sites that do antique appraisals.,would you like to find appraisers near you,"No, I want to know about web sites that do antique appraisals.",no i am looking for sites that do antique appraisals,What is the scientific name of the blue-throated hummingbird?,would you like to learn about how fast blue throated hummingbirds are,"No, I want to know the scientific name of the blue-throated hummingbird.",no i would like to kyesw the scientific name
How is workplace diversity achieved and managed?,would you like to know how diversity helps or harms an organization,how is workplace diversity achieved and managed?,no,"Find a street-level map of Hoboken, NJ.",do you want to see points of interest in hoboken,"No, I want a street-level map of Hoboken, NJ.",yes i want a street map of the city,Sites that sell Universal Animal Cuts that include product reviews.,why are you looking to add supplements to your diet,I'm not looking to add supplements to my diet. I'm looking for a product called Universal Animal Cuts that include product reviews.,no i am looking for a place to sell them,I am looking for spreadsheets or templates to help me tabulate a budget for a wedding.,would you like to find an app for wedding budgeting,"No, I would like to find a spreadsheet or template that I can use to help me tabulate a budget for my wedding.",yes i would like a spreadsheet,Find a list of hobby stores in Maryland.,why type of hobby arts and crafts or sports,both,no i need a list of stores
"Find cures for baldness (other than hair replacement, hair transplants, or wigs).",would you like to see a reddit page on possible balding cures,"No, I want to know about other balding cures that are not hair replacement, hair transplants, or wigs.",yes,Where can I learn about rock painting or buy a rock-painting kit?,are you looking for information about cave painting in any location,"No, I want to learn about rock painting and where I can buy a rock-painting kit.",yes i want information on rock painting kits,What are the boundaries of the political jurisdictions in Brazil?,would you like to know information about vacation in brazil,"No, I want to know the boundaries of the political jurisdictions in Brazil.",yes i want to kyesw about the political jurisdictions in Brazil,What treatments exist for von Willebrand Disease?,are you interested in the types of von willebrand disease,"Yes, I want to know what treatments exist for von Willebrand Disease.",no i would like to know the treatments,Where can I buy rock and roll posters?,are you wondering what rock art is,"No, I want to know where I can buy rock and roll posters.",yes
Find detailed geographic maps of the United States.,do you want to see a map of united states territories,"No, I want to see a map of the United States with all the states.",yes,What's in a computer science degree program?,are you interested in coding courses online,"No, I want to know what's in a computer science degree program.",yes i am,Find a black-and-white outline map of the United States such that a child could color.,which language of us map would you prefer,I want a black-and-white outline map of the United States such that a child could color.,no i want a black and white map of the united states,Find information about the Ritz Carlton resort at Lake Las Vegas.,would you like to read some reviews of the ritz carlton lake las vegas,Yes.,no i would like to know more about the resort,Find US road maps.,do you want to see a map of the continental united states,"No, I want to see a map of all the roads in the USA.",no
Find information about horses' hooves and how to care for them.,are you looking for information on the anatomy of horse hooves,"Yes, and how to care for them.",no,"I would like to find reviews of The Pampered Chef programs, products, and recipes.",are you wondering what pampered chef sells,"I would like to find reviews of The Pampered Chef programs, products, and recipes.",yes i am looking for reviews of the pampered chef programs and recipes,What is the website for HobbyTown USA?,are you looking for a specific hobby store,"Yes, I'm looking for HobbyTown USA.",no,What are the boundaries of the political jurisdictions in Brazil?,would you like a transportation map of brazil,"No, I want to know the boundaries of the political jurisdictions in Brazil.",yes,"What was the 2008 budget for Cass County, MO?",which neighborhood in cass county are you interested in,"I want to know the 2008 budget for Cass County, MO.",yes i am interested in the 2008 budget for Cass county missouri
"Find real estate listings for Hoboken, NJ.",do you want information on the climate of hoboken,"No, I want to find real estate listings for Hoboken, NJ.",yes i need real estate listings for hodgoken,Where can I buy replacement parts for pressure washers?,are you wondering what a pressure washer is,"No, I know what a pressure washer is. I just want to know where I can buy replacement parts for pressure washers.",no i want to know how to purchase a used one,Find a timeline or map of US civil war battles.,do you need a list of civil war battles,"Yes, I need a timeline or map of US civil war battles.",yes i would like a timeline of the battles,"What are some injuries or diseases of hooves in horses, and how are they treated?",what would you like to know about horse hooves,"What are some injuries or diseases of hooves in horses, and how are they treated?",yes,information about the drafting of the Declaration of Independence,are you trying to look up the constitution,"no, I want to know about the drafting of the Declaration of Independence",yes i want to kyesw about the drafting of the declaration of the indiana
Find restaurants in Hoboken.,are you looking for information about the hoboken medical center,"No, I'm looking for restaurants in Hoboken.",yes,How can I plan an inexpensive wedding?,would you like to see articles about wedding budgeting,Yes,no i am looking for information on how to plan an inexpensive wedding,"How has the phrase ""all men are created equal"" been interpreted over time by the US surpreme Court?",would you like to learn about the origin of that quote,"No, I want to know how it has been interpreted over time by the US surpreme Court.",no,What are the different brands of pressure washers?,do you wish to rent a pressure washer,"No, I want to know what the different brands of pressure washers are.",yes,What are the migration patterns of the blue-throated hummingbird?,are you wanting to know its scientific name,"No, I want to know the migration patterns of the blue-throated hummingbird.",yes i want to kyesw the migration patterns of the bluethroated hummingbird
Find information on kiwi fruit.,are you interested in images of the kiwi fruit,"No, I want to know about the kiwi fruit itself.",no,"Find real estate listings for Hoboken, NJ.",are you looking for information about the hoboken medical center,"No, I'm looking for real estate listings for Hoboken, NJ.",yes,discussion of the impending sale of the Rocky Mountain News,do you want to watch news videos or read the news,I want to read the news.,no i want to know the upcoming sale of the newspaper,Provide pressure washer reviews and/or ratings.,are you wondering how a pressure washer works,"No, I want to know where I can buy pressure washers.",no i am looking for ratings and reviews,What is the website for HobbyTown USA?,are you looking for coupons,"No, I'm looking for the website for HobbyTown USA.",yes i am looking for the website for hobbytowns
Find the Milwaukee Journal Sentinel web site.,are you interested in a subscription to the milwaukee journal sentinel,"No, I just want to find their website.",no i want to see the web site for the milwaukee journal sentinel,"I would like to find reviews of The Pampered Chef programs, products, and recipes.",would you like to find the nearest pampered chef consultant,"No, I would like to find reviews of The Pampered Chef programs, products, and recipes.",no i would like to find reviews of the pampered cook programs and recipes,How do I host a Pampered Chef cooking show?,would you like to find pampered chef recipes,"No, I want to know how to host a Pampered Chef cooking show.",yes,What is von Willebrand Disease?,are you interested in the types of von willebrand disease,Yes,yes,What problems have afflicted the Ford Edge car model?,would you like to read reliability reports on the ford edge,"No, I want to know what problems have afflicted the Ford Edge car model specifically.",no
What problems have afflicted the Ford Edge car model?,would you like to read reliability reports on the ford edge,"No, I want to know what problems have afflicted the Ford Edge car model specifically.",yes,"What are some injuries or diseases of hooves in horses, and how are they treated?",are you looking for a diagram of a horse hoof,"No, I want to know about injuries or diseases of hooves in horses and how they are treated.",no,What computer programming languages are there?,are you looking for nearby coding classes,"No, I want to know what computer programming languages are there.",yes i am looking for computer languages,Find archives of articles from the Milwaukee Journal Sentinel.,would you like to read about sports or news,I want to find archives of articles.,yes,What type of careers are there for computer programmers?,do you need any specific information about its job market,"No, I just want to know what type of careers are there for computer programmers.",no i want to know what types of computer programmers are available
I'm looking for web sites that do antique appraisals.,what do you need appraised,I need to know about antique appraisals.,i dont kyesw,How is workplace diversity achieved and managed?,are you looking for educational materials about diversity,yes,yes i want to kyesw how it is achieved and managed,Find directions to the Ritz Carlton Lake Las Vegas.,would you like the history of ritz carlton lake las vegas,"No, I would like the directions to it.",no,I am looking for information about taking a vacation trip to Brazil.,what would you like to know about brazil,I am looking for information about taking a vacation trip to Brazil.,no i would like information about taking a trip to Brazil,What movies have been made about US civil war battles?,do you want to know a history of all battles in the war,"No, I want to know what movies have been made about US civil war battles.",no i want to know about movies about the war
Find the sports section of the Milwaukee Journal Sentinel.,which year archives are you looking for,I'm not looking for archives. I want to find the sports section of the Milwaukee Journal Sentinel.,i dont know,Find information on kiwi fruit.,are you looking for information on the kiwi bird,"No, I want information on the kiwi fruit.",yes,"I'm looking for information on Defender, an arcade game by Williams. Is it possible to play it online?",are you referring to the arcade game called defender,"Yes, I want to know if it's possible to play it online.",yes,Find information on shoeing horses and horseshoe problems.,do you want to know what horse hooves are made from,"No, I want to know more about shoeing horses and horseshoe problems.",yes,"Find cures for baldness (other than hair replacement, hair transplants, or wigs).",do you want balding cures for women,Yes,yes
What does the US capital tax rate consist of and how is it broken down?,would you like to know how to avoid capital gains tax rate,"No, I want to know the US capital gains tax rate and how it is broken down.",no i want to know how the us capital tax rate is broken down,"Information about zoning regulations in Cass County, Missouri.",are you looking for a specific part of missouri,"Yes, I am looking for the zoning regulations in Cass County, Missouri.",no,What hobby stores carry trains?,are you looking for a radiocontrolled plane,"No, I'm looking for information on stores that carry trains.",no,Find information on the racing schedule at Churchill Downs.,are you looking for directions to churchill downs,"No, I want to know the racing schedule.",no i want to know the schedule for the race,Find restaurants in Hoboken.,are you looking for an apartment in hoboken,"No, I'm looking for restaurants in Hoboken.",no i am looking for an area to stay
Describe the anatomy of horses' feet and hooves.,what problem is your horse having with their hooves,"I don't have a horse, I just want to know more about them.",yes,What do atypical squamous cells mean on a pap smear test?,are you interested in atypical squamous cells in a test result,Yes,yes,"Who said ""all men are created equal""?",would you like to learn about the origin of that quote,Yes.,yes,Take me to the Starbucks homepage.,are you looking for a specific web page,"Yes, I want to go to the Starbucks homepage.",no i am looking for the website for the company called the stamfordes website,Find the Milwaukee Journal Sentinel web site.,what information about the history of the paper are you interested in,"I'm not interested in the history of the paper, I just want to find the web site.",i dont know
Is Brooks Brothers catalog merchandise available at their outlet stores?,would you like to know about the brooks brothers clearance return policy,"No, I want to know if Brooks Brothers catalog merchandise is available at their outlet stores.",no i want to know where they are available,Find the homepage for the NASA Voyager mission.,do you want to know which planets voyager has visited,"no, I want the homepage for the NASA Voyager mission.",no,Provide pressure washer reviews and/or ratings.,are you looking for the nearest location to buy a pressure washer,"No, I want to know the best pressure washer to buy.",yes i am looking for reviews and ratings,How do I host a Pampered Chef cooking show?,would you like to find the nearest pampered chef consultant,"No, I want to know how to host a Pampered Chef cooking show.",yes,"Find a street-level map of Hoboken, NJ.",do you want directions to hoboken,"No, I want a street-level map of Hoboken, NJ.",yes i need a map of the city
Find the seating chart of Churchill Downs.,would you like to know the history of churchill downs,"No, I would like to find the seating chart of Churchill Downs.",yes i would like the chart of the bellvos,What is von Willebrand Disease?,are you looking for specific information about von willebrand disease,"Yes, I am looking for specific information about von Willebrand Disease.",no,Find information about the Ritz Carlton resort at Lake Las Vegas.,are you looking for the closest lake to the ritz carlton in las vegas,"No, I'm looking for the Ritz Carlton resort at Lake Las Vegas.",yes,Find information for visitors and immigrants about living in India.,would you like more information about the challenges of living in india,Yes,yes i want to kyesw about living in india,Find some recipes from The Pampered Chef.,are you trying to buy pampered chef,"No, I just want to know if you have any recipes from The Pampered Chef.",no i am looking for recipes for pampered cooking
How is workplace diversity achieved and managed?,are you looking for a definition of diversity,yes,yes i want to kyesw how the workplace is done,I want to find some example wedding budgets.,would you like to find an app for wedding budgeting,"No, I want to find some example wedding budgets.",no i am looking for wedding budgets,"What tourist attractions are in Cass County, MO?",are you looking for government service,"No, I'm looking for tourist attractions in Cass County, MO",yes i want to kyesw tourist attractions in cass county,I am looking for information about taking a vacation trip to Brazil.,what are you trying to find in brazil,I am looking for information about taking a vacation trip to Brazil.,i dont know,Where are Brooks Brothers outlet stores located?,do you want find clothing stores,"No, I want to find Brooks Brothers outlet stores.",yes i am looking for stores
Find detailed geographic maps of the United States.,would you like to know where the us is located on the map,I want a detailed geographic map of the United States.,no,Find political maps of the United States showing the states and their capitals.,are you interested in knowning the 50 states in the world,"Yes, I want the 50 states in the world and their capitals.",no i want to see political maps of the united states,What are the educational benefits of social networking sites?,what ages do you want to know about education with social networking,All ages.,yes,Find history about life and culture in India.,what part of india are you interested in,I want to know about the life and culture in India.,no,home page of the Rocky Mountain News,who do you want to find news reported by,I want the home page of the Rocky Mountain News.,yes
What treatments exist for von Willebrand Disease?,which animal are you interested in knowing about in regards to von willebrand disease,I am interested in knowing about humans.,yes i want to know what treatment they have,"What services/facilities does the Ontario, CA airport offer?",would you like to know more about ontarioca airport services,"Yes, I would like to know about the services/facilities that the ontario, CA airport offers.",no i would like to know more about the services and facilities provided by the oca california,"How has the phrase ""all men are created equal"" been interpreted over time by the US surpreme Court?",are you trying to look up the constitution,"No, I want to know how the phrase ""all men are created equal"" has been interpreted over time by the US Supreme Court.",no,I want to find some example wedding budgets.,did you want to see examples of budget weddings,"Yes, I want to see some example wedding budgets.",yes i want to see examples of wedding budgets,Find directions to the Ritz Carlton Lake Las Vegas.,are you wondering where the ritz carlton in las vegas is located,"Yes, I would like to know how to get to the Ritz Carlton Lake Las Vegas.",yes i am looking for directions to the ritz carlton lake las vegas
"Find real estate listings for Hoboken, NJ.",are you looking for hoboken hotels,"No, I am looking for real estate listings for Hoboken, NJ.",yes i am looking for real estate listings for Hoboken NJ,Is Brooks Brothers catalog merchandise available at their outlet stores?,do you want find clothing stores,"No, I want to find out if Brooks Brothers catalog merchandise is available at their outlet stores.",yes,Find US road maps.,are you looking for a paper version of us map,"No, I need a digital map.",yes i want to find us road maps,"I am looking for newcomer information for Cass County, Missouri.",do you want to know about the crime rate in cass county missouri,"No, I am looking for newcomer information.",no i want information about the county that is named after me,Find directions to the Ritz Carlton Lake Las Vegas.,do you need a reservation at the ritz carlton in las vegas,"No, I just need directions to the Ritz Carlton Lake Las Vegas.",yes
Take me to the Starbucks homepage.,is there a specific starbucks product you need information on,"No, I just want to go to the homepage.",no i need the homepage for the brand of the company that sells them,Can I order dog clean-up bags online?,how many dog lean up bags were you wanting to purchase,"I don't know, enough to last me a while.",i dont know,Find pictures of horse hooves.,are you looking for information on the anatomy of horse hooves,"No, I want to find pictures of horse hooves.",no i want to see pictures of them,Find information on how the electronic medical record (or electronic health record) has evolved through the years.,are you interested in a specific time when electronic medical record keeping started,"Yes, I want to know how it has evolved through the years.",yes,What hobby stores carry trains?,is this a hobby where anyone can build things,"No, it's a store where people can purchase items related to their hobbies.",yes i am looking for a list of all the stores
"Find quotes, poems, and/or artwork illustrating and promoting diversity.",would you like the legal definition of diversity,"no, I would like quotes, poems, and/or artwork illustrating and promoting diversity.",yes,What does the US capital tax rate consist of and how is it broken down?,do you like to know about shortterm capital gains tax rate 2020,"No, I want to know about the US capital tax rate and how it's broken down.",yes i want to kyesw how it is broken down,"Find recipes from Starbucks, either for making or using Starbucks products.",are you looking for specific information about starbucks gift cards,"No, I want to find recipes from Starbucks, either for making or using Starbucks products.",no i am looking for recipes from the stores,image of the Declaration of Independence at the National Archives,what else do you want to learn about the quote,I want to see an image of the Declaration of Independence at the National Archives.,yes i want the national government,Find political maps of the United States showing the states and their capitals.,are you interested in a current map of the united states,"Yes, I want a map of the United States that shows the states and their capitals.",yes
What causes angular cheilitis?,would you like to know risks associated with angular cheilitis,"No, I want to know what causes angular cheilitis.",no,Find a black-and-white outline map of the United States such that a child could color.,would you like to know more about us roads,"No, I want a black-and-white outline map of the United States such that a child could color.",no,What is the balance on my Starbucks gift card?,which starbucks location do you need information for,"I don't know, any Starbucks.",this is yest related to my search,Where can I buy rock and roll posters?,would you like to know anything specific about rock music,Where can I buy rock and roll posters?,no i want to find rock and roll posters,I want to find some example wedding budgets.,are you looking for advice on wedding budgeting,"No, I want to find some example wedding budgets.",yes i need some examples of wedding budgets
Find printable maps of the United States.,do you want to see a map of united states territories,"No, I want a printable map of the United States.",no i would like to see printable maps of the us,"Find flight information for the Ontario, CA airport.",are you planning to take a trip on ontario or california,I want to take a trip to the ontario airport in california.,yes i want information on the airport,Find information on the Land Rover Defender sport-utility vehicle.,are you referring to a software,"No, I'm talking about the Land Rover Defender sport-utility vehicle.",yes,Find free activities and materials for running a diversity training program in my office.,would you like to see results about diversity in a business setting,Yes,no i would like to see free activities and materials for running a diversity training program in my office,"Find a map of the area around the US Capitol, including nearby sites to visit.",are you referring to washington dc,"Yes, I would like a map of the area around the US Capitol, including nearby sites to visit.",no i am referring to the area
"Find demographic information about Cass County, MO.",are you looking for places to eat in cass county missouri,"No, I want demographic information about Cass County, MO.",yes i am looking for general information about the county missouri,Where are Brooks Brothers outlet stores located?,are you trying to find brooks brothers clearance suits,"No, I'm trying to find out where Brooks Brothers outlet stores are located.",no i am looking for locations,I want to find some example wedding budgets.,what are your budget priorities for your wedding,I want to find some example wedding budgets.,i dont know,Find a site where I can determine room price and availability.,would you like the history of ritz carlton lake las vegas,"No, I would like to find a site where I can determine room price and availability.",no i need to know where i can purchase a place for rent,Describe the anatomy of horses' feet and hooves.,do you need your horses hooves trimmed,"No, I want to know more about the anatomy of horses' feet and hooves.",no i would like to kyesw the anatomy of their hooves
"What tourist attractions are in Cass County, MO?",is there any specific information that you are looking for,I want to know about tourist attractions.,yes i am interested in tourist attractions,Find printable maps of the United States.,are you interested in knowning the 50 states in the world,"No, I just want a printable map of the United States.",yes i would like to see maps of the us,Find testimonials of Universal Animal Cuts nutritional supplement.,would you like to see comparable products to universal animal cuts,"No, I want to see testimonials of the product itself",no,What is the balance on my Starbucks gift card?,would you like history information regarding starbucks,"No, I want to know the balance on my Starbucks gift card.",no,How does one build an adobe house?,do you want information about the construction of adobe houses,"Yes, I want to know how to build an adobe house.",no
Find information on kiwi fruit.,are you looking for kiwi birds for sale,"No, I want information on kiwi fruit.",no i am looking for information on kiwi fruit,Find information on Breeders Cup races.,is there any specific race on your mind,"Yes, I want to see information on Breeders Cup races.",no i want information on race names,Who are the sports reporters for the Rocky Mountain News?,would you like to see a list of reporters of the rocky mountain news,Yes,no i want to know which sports reporters,How is workplace diversity achieved and managed?,is there a specific type of diversity statistic you are looking for,How is workplace diversity achieved and managed?,yes,Find information for visitors and immigrants about living in India.,would you like to see a comparison of living in india versus living in the usa,"No, I want to find information about living in India for visitors and immigrants.",yes i would like to kyesw about living in india
find a site where I can download Illinois state tax forms,are you interested in how to pay your illinois state tax,"No, I need to find a site where I can download Illinois state tax forms.",no i want to download forms,Find Brooks Brothers online promotional coupons.,would you like to learn about brooks brothers clearance sales,"Yes, I would like to learn about Brooks Brothers clearance sales.",no i need to find online discount coupon information,Find printable maps of the United States.,do you want to see a map of the continental united states,Yes,no i am looking for printable maps of the united states,What computer programming languages are there?,do you any specific information about computer science degree program,"No, I just want to know the different types of programming languages.",no,I'm looking for locations of Starbucks stores worldwide.,are you looking for current news related to starbucks,I'm looking for locations of Starbucks stores worldwide.,yes im looking for locations of the world famous chain stores
quotes about independence,are you looking for declaration of independence at the national archives,"No, I'm looking for quotes about independence.",yes,What are the best ways of disposing of dog waste?,how many dog lean up bags were you wanting to purchase,I don't want to purchase any. I want to know the best ways of disposing of dog waste.,no i want to know the best ways of dispos,How can I plan an inexpensive wedding?,did you want to see if there was an app to do it,"Yes, I would like to know if there is an app to help me plan an inexpensive wedding.",no i want to know how to plan an inexpensive wedding,"Find ""The-Power-Washer-Advisor.com"" web site.",are you looking to rent a pressure washer,"No, I am not looking to rent a pressure washer. I want to buy one. And I want to know where I can buy pressure washers.",yes i am looking for the home page for the power washer that is provided by the owner,What hobby stores carry trains?,is this a hobby for an adult,"No, this is for my son.",yes i want to kyesw where they carry trains
